Period,privatbank,oschadbank,ukreximbank,ukrgasbank,sense,first investment bank
2024-05,872402422.47488,415818973.63196,293901751.84905,200329978.68782,138245511.83432,430638.82672
